<?xml version="1.0" encoding="UTF-8" standalone="yes"?>
<addon id="plugin.video.anarchitv"
       name="[COLOR yellow]AnarchiTV[/COLOR]"
       version="1.0.6"
       provider-name="AnarchiTV">
  <requires>
  </requires>
  <extension point="xbmc.python.pluginsource" library="default.py">
    <provides>video</provides>
  </extension>
  <extension point="xbmc.addon.metadata">
    <summary>AnarchiTV</summary>
    <description>
	AnarchiTV Live tv channels
    </description>
	<license></license>
    <website></website>
    <email></email>
    <platform>all</platform>
  </extension>
</addon>
