<?xml version="1.0" encoding="UTF-8"?>
<!-- Foundation -->
<window type="window" id="1113">
    <backgroundcolor>Background</backgroundcolor>
    <defaultcontrol always="true">9501</defaultcontrol>
    <onunload>SetProperty(HubReturn,1113,home)</onunload>
    <allowoverlay>false</allowoverlay>
    <controls>
						         <include condition="!Skin.HasSetting(skin.2) + !Skin.HasSetting(skin.3)" name="Window_Kids">
            <param name="categories" value="skinshortcuts-group-x1113" />
        </include>
		<include condition="Skin.HasSetting(skin.2) + !Skin.HasSetting(skin.3)" name="Window_Kids2">
            <param name="categories" value="skinshortcuts-group-x1113" />
        </include>
			<include condition="Skin.HasSetting(skin.3)" name="Window_Kids3">
            <param name="categories" value="skinshortcuts-group-x1113" />
        </include>
    </controls>
</window>