<?xml version="1.0" encoding="UTF-8"?>
<!-- Foundation -->
<window type="window" id="3258">
    <defaultcontrol always="true">9500</defaultcontrol>
    <allowoverlay>no</allowoverlay>
    <onload condition="IsEmpty(Window(home).Property(librarynode))">SetProperty(librarynode,videodb://movies/titles/,home)</onload>
    <onload>SetProperty(previoushub,3206,home)</onload>
    <onunload>ClearProperty(librarynode,home)</onunload>
    <controls>
   
        <control type="group">      
            
			<animation effect="slide" start="1920" end="0" delay="0" time="200">WindowOpen</animation>
            <animation effect="slide" start="1920" end="0" delay="0" time="200">Visible</animation>
            <include>DefContextMenuBackground</include>     
            
            <control type="list" id="9500">
              <bottom>950</bottom>
                    <left>150</left>
                    <right>150</right>
                    <height>68</height>
                    <bottom>33</bottom>
                    <itemgap>16</itemgap>
                    <orientation>horizontal</orientation>
                <include>HubCategoriesLayout</include>
                <content>
                    <include>QuickNavTvshowsHub</include> 
                </content>
            </control>
            <control type="label">
                <posx>listx</posx>
                <posy>145</posy>
                <width>globalh</width>
                <font>Font-WidgetCategory</font>
				<label></label> 
				<textcolor>SideLabel</textcolor>
            </control>



      

        </control>
        
    </controls>
    </window>