<?xml version="1.0" encoding="UTF-8"?>
<!-- Foundation -->
<window type="window" id="1106">
    <backgroundcolor>Background</backgroundcolor>
    <defaultcontrol always="true">9501</defaultcontrol>
    <onunload>SetProperty(HubReturn,1106,home)</onunload>
    <allowoverlay>false</allowoverlay>
    <controls>
        <include condition="!Skin.HasSetting(skin.2) + !Skin.HasSetting(skin.3)" name="Window_Hub">
            <param name="categories" value="skinshortcuts-group-x1106" />
        </include>
		<include condition="Skin.HasSetting(skin.2) + !Skin.HasSetting(skin.3)" name="Window_Hub2">
            <param name="categories" value="skinshortcuts-group-x1106" />
        </include>
			<include condition="Skin.HasSetting(skin.3)" name="Window_Hub3">
            <param name="categories" value="skinshortcuts-group-x1106" />
        </include>
    </controls>
</window>
