<?xml version="1.0" encoding="UTF-8"?>
<window>
    <!-- virtualkeyboard -->
    <defaultcontrol always="true">300</defaultcontrol>
   
   <controls>     
        <control type="image">
                <width>1920</width>
                <height>764</height>
                <texture border="5" colordiffuse="OSD-Zeev">common/white.png</texture>
            </control>
        <control type="group">
            <height>580</height>
            <include>Dialog_Bottom</include>
            <!-- Heading -->
  

              <!-- Left grouplist -->
            <control type="grouplist" id="9000">
                <right>side</right>
                <top>170</top>
                <width>320</width>
                <height>660</height>
                <itemgap>pad</itemgap>
					<onup>300</onup>
                <ondown>312</ondown>
                <orientation>vertical</orientation>
                <scrolltime tween="sine" easing="out">240</scrolltime>

                <!-- Layout -->
                <control type="button" id="309">
                    <width>100%</width>
                    <height>70</height>
                    <onleft>111</onleft>
                    <onright>100</onright>
					<onup>300</onup>
                    <include>Defs_KeyboardButton</include>
                    <label>20177</label>
                </control>

                <!-- Shift -->
                <control type="radiobutton" id="302">
                    <width>100%</width>
                    <height>70</height>
                    <onleft>131</onleft>
                    <align>right</align>
                    <radioposx>40</radioposx>
                    <onright>120</onright>
                    <include>Defs_KeyboardButton</include>
                    <label>20178</label>
                </control>

                <!-- Caps lock -->
                <control type="radiobutton" id="303">
                    <width>100%</width>
                    <height>70</height>
                    <onleft>151</onleft>
                    <align>right</align>
                    <radioposx>40</radioposx>
                    <onright>140</onright>
                    <include>Defs_KeyboardButton</include>
                    <label>20179</label>
                </control>

                <!-- Symbols -->
                <control type="radiobutton" id="304">
                    <width>100%</width>
                    <height>70</height>
                    <onleft>171</onleft>
                    <onright>160</onright>
                    <align>right</align>
                    <radioposx>40</radioposx>
                    <include>Defs_KeyboardButton</include>
                    <label>@#!*</label>
                </control>

                <!-- IP address -->
                <control type="button" id="307">
                    <width>100%</width>
                    <height>70</height>
                    <onleft>306</onleft>
                    <onright>32</onright>
                    <include>Defs_KeyboardButton</include>
                    <label>1006</label>
                </control>

            </control>

            <!-- Keys -->
            <!-- Edit -->
            <control type="group">
                <left>side</left>
                <right>280</right>
                <top>70</top>
                <height>70</height>
                <include name="Object_Line">
                    <param name="width" value="1880" />
                    <param name="label" value="$INFO[Control.GetLabel(311)]" />
                </include>
                <control type="image">
                    <width>100%</width>
                    <height>100%</height>
                    <texture colordiffuse="PosterBorder">common/white.png</texture>
                </control>
                <control type="edit" id="312">

                    <top>0</top>
                    <width>100%</width>
                    <height>100%</height>
                    <onup>9091</onup>
                    <ondown>9001</ondown>
                    <align>center</align>
                    <aligny>center</aligny>
                    <scroll>true</scroll>
                    <include>Defs_KeyboardButton</include>
                </control>
            </control>

            <control type="group">
                <right>side</right>
                <top>170</top>
                <width>1550</width>

                <!-- First row -->
                <control type="grouplist" id="1000">
                    <right>70</right>
                    <top>0</top>
                    <width>100%</width>
                    <height>70</height>
                    <itemgap>pad</itemgap>
                    <onleft>309</onleft>
                    <onright>309</onright>
                    <onup>9001</onup>
                    <orientation>horizontal</orientation>

                    <control type="button" id="100">
                        <!-- (0,0) key button -->
                        <ondown>120</ondown>
                        <include>Defs_KeyboardButton</include>
                    </control>
                    <control type="button" id="101">
                        <!-- (0,1) key button -->
                        <ondown>121</ondown>
                        <include>Defs_KeyboardButton</include>
                    </control>
                    <control type="button" id="102">
                        <!-- (0,2) key button -->
                        <ondown>122</ondown>
                        <include>Defs_KeyboardButton</include>
                    </control>
                    <control type="button" id="103">
                        <!-- (0,3) key button -->
                        <ondown>123</ondown>
                        <include>Defs_KeyboardButton</include>
                    </control>
                    <control type="button" id="104">
                        <!-- (0,4) key button -->
                        <ondown>124</ondown>
                        <include>Defs_KeyboardButton</include>
                    </control>
                    <control type="button" id="105">
                        <!-- (0,5) key button -->
                        <ondown>125</ondown>
                        <include>Defs_KeyboardButton</include>
                    </control>
                    <control type="button" id="106">
                        <!-- (0,6) key button -->
                        <ondown>126</ondown>
                        <include>Defs_KeyboardButton</include>
                    </control>
                    <control type="button" id="107">
                        <!-- (0,7) key button -->
                        <ondown>127</ondown>
                        <include>Defs_KeyboardButton</include>
                    </control>
                    <control type="button" id="108">
                        <!-- (0,8) key button -->
                        <ondown>128</ondown>
                        <include>Defs_KeyboardButton</include>
                    </control>
                    <control type="button" id="109">
                        <!-- (0,9) key button -->
                        <ondown>129</ondown>
                        <include>Defs_KeyboardButton</include>
                    </control>
                    <control type="button" id="110">
                        <!-- (0,10) key button -->
                        <ondown>130</ondown>
                        <include>Defs_KeyboardButton</include>
                    </control>
                    <control type="button" id="111">
                        <!-- (0,11) key button -->
                        <ondown>131</ondown>
                        <include>Defs_KeyboardButton</include>
                    </control>

                </control>

                <!-- Second row -->
                <control type="grouplist" id="2000">
                    <right>70</right>
                    <top>80</top>
                    <width>100%</width>
                    <height>70</height>
                    <itemgap>pad</itemgap>
                    <onleft>302</onleft>
                    <onright>302</onright>
                    <orientation>horizontal</orientation>

                    <control type="button" id="120">
                        <!-- (1,0) key button -->
                        <onup>100</onup>
                        <ondown>140</ondown>
                        <include>Defs_KeyboardButton</include>
                    </control>
                    <control type="button" id="121">
                        <!-- (1,1) key button -->
                        <onup>101</onup>
                        <ondown>141</ondown>
                        <include>Defs_KeyboardButton</include>
                    </control>
                    <control type="button" id="122">
                        <!-- (1,2) key button -->
                        <onup>102</onup>
                        <ondown>142</ondown>
                        <include>Defs_KeyboardButton</include>
                    </control>
                    <control type="button" id="123">
                        <!-- (1,3) key button -->
                        <onup>103</onup>
                        <ondown>143</ondown>
                        <include>Defs_KeyboardButton</include>
                    </control>
                    <control type="button" id="124">
                        <!-- (1,4) key button -->
                        <onup>104</onup>
                        <ondown>144</ondown>
                        <include>Defs_KeyboardButton</include>
                    </control>
                    <control type="button" id="125">
                        <!-- (1,5) key button -->
                        <onup>105</onup>
                        <ondown>145</ondown>
                        <include>Defs_KeyboardButton</include>
                    </control>
                    <control type="button" id="126">
                        <!-- (1,6) key button -->
                        <onup>106</onup>
                        <ondown>146</ondown>
                        <include>Defs_KeyboardButton</include>
                    </control>
                    <control type="button" id="127">
                        <!-- (1,7) key button -->
                        <onup>107</onup>
                        <ondown>147</ondown>
                        <include>Defs_KeyboardButton</include>
                    </control>
                    <control type="button" id="128">
                        <!-- (1,8) key button -->
                        <onup>108</onup>
                        <ondown>148</ondown>
                        <include>Defs_KeyboardButton</include>
                    </control>
                    <control type="button" id="129">
                        <!-- (1,9) key button -->
                        <onup>109</onup>
                        <ondown>149</ondown>
                        <include>Defs_KeyboardButton</include>
                    </control>
                    <control type="button" id="130">
                        <!-- (1,10) key button -->
                        <onup>110</onup>
                        <ondown>150</ondown>
                        <include>Defs_KeyboardButton</include>
                    </control>
                    <control type="button" id="131">
                        <!-- (1,11) key button -->
                        <onup>111</onup>
                        <ondown>151</ondown>
                        <include>Defs_KeyboardButton</include>
                    </control>

                </control>

                <!-- Third row -->
                <control type="grouplist" id="3000">
                    <right>70</right>
                    <top>160</top>
                    <width>100%</width>
                    <height>70</height>
                    <itemgap>pad</itemgap>
                    <onleft>303</onleft>
                    <onright>303</onright>
                    <orientation>horizontal</orientation>

                    <control type="button" id="140">
                        <!-- (2,0) key button -->
                        <onup>120</onup>
                        <ondown>160</ondown>
                        <include>Defs_KeyboardButton</include>
                    </control>
                    <control type="button" id="141">
                        <!-- (2,1) key button -->
                        <onup>121</onup>
                        <ondown>161</ondown>
                        <include>Defs_KeyboardButton</include>
                    </control>
                    <control type="button" id="142">
                        <!-- (2,2) key button -->
                        <onup>122</onup>
                        <ondown>162</ondown>
                        <include>Defs_KeyboardButton</include>
                    </control>
                    <control type="button" id="143">
                        <!-- (2,3) key button -->
                        <onup>123</onup>
                        <ondown>163</ondown>
                        <include>Defs_KeyboardButton</include>
                    </control>
                    <control type="button" id="144">
                        <!-- (2,4) key button -->
                        <onup>124</onup>
                        <ondown>164</ondown>
                        <include>Defs_KeyboardButton</include>
                    </control>
                    <control type="button" id="145">
                        <!-- (2,5) key button -->
                        <onup>125</onup>
                        <ondown>165</ondown>
                        <include>Defs_KeyboardButton</include>
                    </control>
                    <control type="button" id="146">
                        <!-- (2,6) key button -->
                        <onup>126</onup>
                        <ondown>166</ondown>
                        <include>Defs_KeyboardButton</include>
                    </control>
                    <control type="button" id="147">
                        <!-- (2,7) key button -->
                        <onup>127</onup>
                        <ondown>167</ondown>
                        <include>Defs_KeyboardButton</include>
                    </control>
                    <control type="button" id="148">
                        <!-- (2,8) key button -->
                        <onup>128</onup>
                        <ondown>168</ondown>
                        <include>Defs_KeyboardButton</include>
                    </control>
                    <control type="button" id="149">
                        <!-- (2,9) key button -->
                        <onup>129</onup>
                        <ondown>169</ondown>
                        <include>Defs_KeyboardButton</include>
                    </control>
                    <control type="button" id="150">
                        <!-- (2,10) key button -->
                        <onup>130</onup>
                        <ondown>170</ondown>
                        <include>Defs_KeyboardButton</include>
                    </control>
                    <control type="button" id="151">
                        <!-- (2,11) key button -->
                        <onup>131</onup>
                        <ondown>171</ondown>
                        <include>Defs_KeyboardButton</include>
                    </control>

                </control>

                <!-- Forth row -->
                <control type="grouplist" id="4000">
                    <right>70</right>
                    <top>240</top>
                    <width>100%</width>
                    <height>70</height>
                    <itemgap>pad</itemgap>
                    <onleft>304</onleft>
                    <onright>304</onright>
                    <orientation>horizontal</orientation>

                    <control type="button" id="160">
                        <!-- (3,0) key button -->
                        <onup>140</onup>
                        <ondown>8</ondown>
                        <include>Defs_KeyboardButton</include>
                    </control>
                    <control type="button" id="161">
                        <!-- (3,1) key button -->
                        <onup>141</onup>
                        <ondown>32</ondown>
                        <include>Defs_KeyboardButton</include>
                    </control>
                    <control type="button" id="162">
                        <!-- (3,2) key button -->
                        <onup>142</onup>
                        <ondown>32</ondown>
                        <include>Defs_KeyboardButton</include>
                    </control>
                    <control type="button" id="163">
                        <!-- (3,3) key button -->
                        <onup>143</onup>
                        <ondown>32</ondown>
                        <include>Defs_KeyboardButton</include>
                    </control>
                    <control type="button" id="164">
                        <!-- (3,4) key button -->
                        <onup>144</onup>
                        <ondown>32</ondown>
                        <include>Defs_KeyboardButton</include>
                    </control>
                    <control type="button" id="165">
                        <!-- (3,5) key button -->
                        <onup>145</onup>
                        <ondown>32</ondown>
                        <include>Defs_KeyboardButton</include>
                    </control>
                    <control type="button" id="166">
                        <!-- (3,6) key button -->
                        <onup>146</onup>
                        <ondown>32</ondown>
                        <include>Defs_KeyboardButton</include>
                    </control>
                    <control type="button" id="167">
                        <!-- (3,7) key button -->
                        <onup>147</onup>
                        <ondown>32</ondown>
                        <include>Defs_KeyboardButton</include>
                    </control>
                    <control type="button" id="168">
                        <!-- (3,8) key button -->
                        <onup>148</onup>
                        <ondown>305</ondown>
                        <include>Defs_KeyboardButton</include>
                    </control>
                    <control type="button" id="169">
                        <!-- (3,9) key button -->
                        <onup>149</onup>
                        <ondown>306</ondown>
                        <include>Defs_KeyboardButton</include>
                    </control>
                    <control type="button" id="170">
                        <!-- (3,10) key button -->
                        <onup>150</onup>
                        <ondown>305</ondown>
                        <include>Defs_KeyboardButton</include>
                    </control>
                    <control type="button" id="171">
                        <!-- (3,11) key button -->
                        <onup>151</onup>
                        <ondown>306</ondown>
                        <include>Defs_KeyboardButton</include>
                    </control>

                </control>

                <!-- Fifth row -->
                <control type="grouplist" id="5000">
                    <right>330</right>
                    <top>320</top>
                    <width>100%</width>
                    <height>70</height>
                    <itemgap>pad</itemgap>
                    <onleft>307</onleft>
                    <onright>307</onright>
                    <ondown>312</ondown>
                    <orientation>horizontal</orientation>

                
                    <!-- BACKSPACE -->
                    <control type="button" id="8">
                        <onup>4000</onup>
                        <width>380</width>
                        <label>31343672</label>
                        <include>Defs_KeyboardButton</include>
                    </control>
					    <!-- SPACE -->
                    <control type="button" id="32">
                        <onup>4000</onup>
                        <width>900</width>
                        <label>20182</label>
                        <include>Defs_KeyboardButton</include>
                    </control>
                    <!-- Previous -->
                    <control type="button" id="305">
                        <onup>4000</onup>
                        <label>&lt;</label>
                        <include>Defs_KeyboardButton</include>
                    </control>
                    <!-- Next -->
                    <control type="button" id="306">
                        <onup>4000</onup>
                        <label>&gt;</label>
                        <include>Defs_KeyboardButton</include>
                    </control>

                </control>

                

            </control>

            <!-- Button grouplist -->
            <control type="grouplist" id="9001">
                <right>side</right>
                <top>70</top>
                <width>250</width>
                <itemgap>pad</itemgap>
                <onleft>312</onleft>
                <onright>312</onright>
                <onup>312</onup>
                <ondown>1000</ondown>
                <orientation>horizontal</orientation>

                <!-- Done -->
                <control type="button" id="300">
                    <align>center</align>
                    <label>186</label>
                    <include>Defs_KeyboardButton</include>
                    <onclick>SetFocus(100)</onclick>
					<ondown>309</ondown>
                </control>

                <!-- Cancel Button -->
                <control type="button" id="301">
                    <align>center</align>
                    <include>Defs_KeyboardButton</include>
                    <label>X</label>
                </control>

            </control>
        </control>
		   <control type="group">
            <top>550</top>
            <animation type="Conditional" reversible="false" condition="IntegerGreaterThan(Container(9091).NumItems,0)">
            <effect type="zoom" start="80" end="100" center="960,540" delay="160" tween="back" time="240" />
            <effect type="fade" delay="160" end="100" time="240" />
        </animation>
        <animation type="Conditional" reversible="false" condition="!IntegerGreaterThan(Container(9091).NumItems,0)">
            <effect type="zoom" start="100" end="80" center="960,540" easing="in" tween="back" time="240" />
            <effect type="fade" start="100" end="0" time="240" />
        </animation>
            <control type="image">
                <top>0</top>
                <width>1240</width>
                <height>250</height>
                <texture flipy="true">keyboard/keyboard_back.png</texture>
            </control>
            <control type="panel" id="9091">
                <left>60</left>
                <top>-230</top>
                <width>1800</width>
                <height>170</height>
                <onleft>9091</onleft>
                <onright>9091</onright>
                <!--
                <onright>Action(Close)</onright>-->

                <onup>100</onup>
                <ondown>100</ondown>
                <onback>noop</onback>
                <orientation>horizontal</orientation>
                <scrolltime tween="quadratic" easing="out">200</scrolltime>
                <itemlayout height="85" width="450">
                    <control type="image">
                        <left>0</left>
                        <top>-5</top>
                        <width>450</width>
                        <height>85</height>
                        <texture border="5" flipx="false" colordiffuse="Keyboard-Keys2">common/box.png</texture>
                    </control>
					
                    <control type="label">
                        <left>0</left>
                        <top>-9</top>
                        <width>450</width>
                        <height>85</height>
                        <align>center</align>
                        <aligny>center</aligny>
                        <font>font12</font>
                        <label>$INFO[ListItem.Label]</label>
                    </control>
                </itemlayout>
                <focusedlayout height="55" width="450">
                    <control type="image">
                        <left>0</left>
                        <top>-5</top>
                        <width>450</width>
                        <height>85</height>
                        <texture border="5" flipx="false" colordiffuse="PosterBorder">common/white.png</texture>
                        <visible>!Control.HasFocus(9091)</visible>
                    </control>
                    <control type="image">
                        <left>0</left>
                        <top>-5</top>
                        <width>450</width>
                        <height>85</height>
                                    <texture flipx="false" colordiffuse="$VAR[Highlight6]">common/white.png</texture>
                        <visible>Control.HasFocus(9091)</visible>
                    </control>
                    <control type="label">
                        <left>0</left>
                        <top>-9</top>
                        <width>450</width>
                        <height>85</height>
                        <align>center</align>
                        <aligny>center</aligny>
                        <font>font12</font>
                        <label>$INFO[ListItem.Label]</label>
                    </control>
                </focusedlayout>
                <content>plugin://script.extendedinfo?info=autocomplete&amp;&amp;id=$INFO[Control.GetLabel(312).index(1)]&amp;&amp;limit=9</content>
            </control>
			            </control>
    </controls>

</window>