﻿<?xml version="1.0" encoding="UTF-8" standalone="yes"?>
<addon id="repository.thevibe" name="The-Vibe Team Repository"	version="4.0.0" provider-name="The-Vibe Team">
  <requires>
    <import addon="xbmc.addon" version="12.0.0"/>
  </requires>
  <extension point="xbmc.addon.repository" name=":The-Vibe Team Repository">
    <dir minversion="15.0" >
      <info compressed="true">https://github.com/teamThevibe/repository.thevibe.isengard/raw/master/addons.xml</info>
      <checksum>https://github.com/teamThevibe/repository.thevibe.isengard/raw/master/addons.xml.md5</checksum>
      <datadir zip="true">https://github.com/teamThevibe/repository.thevibe.isengard/raw/master/Zips/</datadir>
      <hashes>true</hashes>
    </dir>
    <dir minversion="16.0">
      <info compressed="true">https://github.com/teamThevibe/repository.thevibe.jarvis/raw/master/addons.xml</info>
      <checksum>https://github.com/teamThevibe/repository.thevibe.jarvis/raw/master/addons.xml.md5</checksum>
      <datadir zip="true">https://github.com/teamThevibe/repository.thevibe.jarvis/raw/master/Zips/</datadir>
      <hashes>true</hashes>
    </dir>
  </extension>
  <extension point="xbmc.addon.metadata">
    <summary lang="en_US">Install Add-ons from The Vibe Team</summary>
    <summary lang="he_IL">התקנת הרחבות מ־The Vibe Team</summary>
    <summary lang="ru_RU">Установить дополнения с сайта The Vibe Team</summary>
    <description lang="en_US">Download and install add-ons from The Vibe Team add-on repository.[CR]  By using the official Repository you will be able to take advantage of our extensive file mirror service to help get you faster downloads from a region close to you.[CR]  All add-ons on this repository have under gone basic testing, if you find a broken or not working add-on please report it to The Vibe Team so we can take any action needed.</description>
    <description lang="he_IL">הורדה והתקנת הרחבות ממאגר הרחבות The Vibe Team הרשמי.[CR]  שימוש במאגר הרשמי מאפשר לנצל את שירות שיקוף הקבצים שלThe Vibe Team העוזר להוריד מהר יותר מהשרת הקרוב ביותר.[CR] כל ההרחבות במאגר זה עברו בדיקה בסיסית. יש לדווח לצוות הפיתוח של The Vibe Team על כל הרחבה שנמצאה כלא תקינה או שלא עובדת ע"מ שתתבצע הפעולה המתאימה.</description>
    <description lang="ru_RU">Загружайте и устанавливайте обновления из официального репозитория The Vibe Team[CR]Используя официальный репозиторий, вы сможете воспользоваться преимуществами распределенного хранилища для быстрой загрузки файлов с ближайшего к вам сервера.[CR]Все дополнения в данном репозитории прошли тестирование. Если вы обнаружили нерабочее дополнение, сообщите об этом разработчикам The Vibe Team.</description>
    <disclaimer lang="en_US">Team-Kodi did not make all the add-ons on this repository and are not responsible for their content</disclaimer>
    <disclaimer lang="he_IL">צוות הפיתוח של The Vibe Team לא יצר את כל ההרחבות שבמאגר זה ואיננו אחראי על תוכנן</disclaimer>
    <disclaimer lang="ru_RU">Разработчики The Vibe Team не являются авторами всех дополнений в данном репозитории и не несут ответственность за их содержимое.</disclaimer>
    <platform>all</platform>
    <website>http://www.the-vibe.co.il</website>
  </extension>
</addon>
